existing-expert--ec10cfcb-67c8-4b8f-b52f-fe22daea4133,2022/7/01
new-expert--25ec5f8b-91ad-40db-a0ef-115a312e9152,2022/7/01
new-expert--09be12fb-6f39-43fc-8e29-f71c88cad698,2022/1/01
new-expert--ef11910a-8e12-454d-b639-222c67a98f08,2022/7/01
new-expert--951fe50d-8d15-4ce5-aeb3-171d414a3a06,2022/7/01
existing-expert--813ef859-2484-4ee7-a096-2c96c2e8f953,2022/1/01
existing-expert--057539de-8150-47e3-a59d-777819d6b58c,2022/7/01
existing-expert--98a19955-6f72-4107-8f92-a3aef2f4b752,2022/1/01
existing-expert--79ab0b6c-2854-4df7-b8e6-ce58c6ff1793,2022/7/01
existing-expert--984555d3-63b1-46c6-93a0-e90bb92dc63d,2022/7/01
existing-expert--d5183154-3e70-46b9-a73a-71c069ba8751,2022/7/01
new-expert--558d1ba7-87c7-4d57-b9df-add6c11e785b,2022/7/01
new-expert--8b96d69e-8f51-4bb3-9fb2-db5e3f50ac3d,2022/1/01
existing-expert--de04c474-ba44-4818-b91e-faf8c86ea153,2022/7/01
new-expert--2dcfcd31-2681-4748-99bb-2014c519f286,2022/1/01
existing-expert--ad07f499-97ca-4563-9568-42d0f667defa,2022/1/01
new-expert--9b9ee4f9-fe1b-4ca5-ac5e-d1e6320bdeb6,2022/1/01
existing-expert--4f68163b-2b57-4813-ae36-44a71ef7dd9f,2022/1/01
existing-expert--a7f476b5-6a38-486f-a0a2-3fa900df20f8,2022/7/01
existing-expert--c6e80e9e-0a07-40df-8625-7d219fa95207,2022/7/01
